Kind	Item	Occurrences before	Occurrences current	Defects before	Defects current	Detail
historical snapshot	1					# Claims carry: inventory, ownership and residue
historical snapshot	3					The baseline is the supplied claims2 carry. No public page or physical figure was changed by this lane. Identity retirements are text drift, not verified fixes.
historical snapshot	5					## Files
historical snapshot	7					| File | Occurrences then | Now | Defects then | Now | Cause |
historical snapshot	8					| --- | ---: | ---: | ---: | ---: | --- |
historical snapshot	9					| DATA-SOURCES.md | 0 | 5526 | 0 | 0 | Requested document-scope extension; exact generated contents or quantity bindings own eligible entries, and all other occurrences are explicit defects. |
historical snapshot	10					| GOALS.md | 80 | 82 | 35 | 15 | 1 retired identities; 3 new identities. Rules revalidate all current placements. |
historical snapshot	11					| README.md | 252 | 128 | 195 | 11 | 248 retired identities; 124 new identities. Rules revalidate all current placements. Upstream generated examples and model tables changed; inline generator boundaries now split the inventory without changing source text. |
historical snapshot	12					| cell/band.html | 26 | 25 | 19 | 18 | 2 retired identities; 1 new identities. Rules revalidate all current placements. |
historical snapshot	13					| cell/explorer.html | 3 | 3 | 1 | 1 | 1 retired identities; 1 new identities. Rules revalidate all current placements. |
historical snapshot	14					| cell/index.html | 63 | 62 | 50 | 42 | 2 retired identities; 1 new identities. Rules revalidate all current placements. |
historical snapshot	15					| cell/levels.html | 71 | 118 | 46 | 36 | 1 retired identities; 48 new identities. Rules revalidate all current placements. 26 previously absent script-filled spans are now inventoried. |
historical snapshot	16					| cell/ship.html | 65 | 103 | 55 | 37 | 10 retired identities; 48 new identities. Rules revalidate all current placements. 20 previously absent script-filled spans are now inventoried. |
historical snapshot	17					| concept/energy-analysis.html | 0 | 4 | 0 | 0 | Requested document-scope extension; exact generated contents or quantity bindings own eligible entries, and all other occurrences are explicit defects. |
historical snapshot	18					| concept/index.html | 193 | 288 | 142 | 115 | 113 retired identities; 208 new identities. Rules revalidate all current placements. Upstream energy wording and generated blocks changed; checked energy and ledger ownership now replaces applicable defects. |
historical snapshot	19					| docs/ARCHITECTURE.md | 0 | 142 | 0 | 117 | Requested document-scope extension; exact generated contents or quantity bindings own eligible entries, and all other occurrences are explicit defects. |
historical snapshot	20					| docs/PHYSICS.md | 0 | 863 | 0 | 131 | Requested document-scope extension; exact generated contents or quantity bindings own eligible entries, and all other occurrences are explicit defects. |
historical snapshot	21					| engineering/index.html | 67 | 130 | 48 | 37 | 17 retired identities; 80 new identities. Rules revalidate all current placements. 36 previously absent script-filled spans are now inventoried. |
historical snapshot	22					| float/census.html | 0 | 671 | 0 | 0 | New manifest-served generated file on the current tree; its own producer is checked. |
historical snapshot	23					| float/index.html | 0 | 943 | 0 | 2 | New manifest-served generated file on the current tree; its own producer is checked. |
historical snapshot	24					| float/ledger.html | 0 | 3262 | 0 | 0 | New manifest-served generated file on the current tree; its own producer is checked. |
historical snapshot	25					| index.html | 127 | 265 | 20 | 16 | 99 retired identities; 237 new identities. Rules revalidate all current placements. Upstream energy wording and generated blocks changed; checked energy and ledger ownership now replaces applicable defects. |
historical snapshot	26					| model-lab/index.html | 27 | 26 | 24 | 23 | 2 retired identities; 1 new identities. Rules revalidate all current placements. |
historical snapshot	27					| notices.html | 0 | 4705 | 0 | 0 | New manifest-served generated file on the current tree; its own producer is checked. |
historical snapshot	28					| research/analysis/air-ballast.md | 0 | 104 | 0 | 70 | Requested document-scope extension; exact generated contents or quantity bindings own eligible entries, and all other occurrences are explicit defects. |
historical snapshot	29					| research/analysis/cap-readings.md | 0 | 265 | 0 | 182 | Requested document-scope extension; exact generated contents or quantity bindings own eligible entries, and all other occurrences are explicit defects. |
historical snapshot	30					| research/analysis/delivery.md | 0 | 211 | 0 | 198 | Requested document-scope extension; exact generated contents or quantity bindings own eligible entries, and all other occurrences are explicit defects. |
historical snapshot	31					| research/analysis/descent.md | 0 | 64 | 0 | 0 | Requested document-scope extension; exact generated contents or quantity bindings own eligible entries, and all other occurrences are explicit defects. |
historical snapshot	32					| research/analysis/energy-feasible.md | 0 | 1431 | 0 | 0 | Requested document-scope extension; exact generated contents or quantity bindings own eligible entries, and all other occurrences are explicit defects. |
historical snapshot	33					| research/analysis/energy-motion.md | 0 | 752 | 0 | 596 | Requested document-scope extension; exact generated contents or quantity bindings own eligible entries, and all other occurrences are explicit defects. |
historical snapshot	34					| research/analysis/energy-omissions.md | 0 | 58 | 0 | 36 | Requested document-scope extension; exact generated contents or quantity bindings own eligible entries, and all other occurrences are explicit defects. |
historical snapshot	35					| research/analysis/energy-profiles.md | 0 | 1031 | 0 | 0 | Requested document-scope extension; exact generated contents or quantity bindings own eligible entries, and all other occurrences are explicit defects. |
historical snapshot	36					| research/analysis/energy-requirements.md | 0 | 381 | 0 | 181 | Requested document-scope extension; exact generated contents or quantity bindings own eligible entries, and all other occurrences are explicit defects. |
historical snapshot	37					| research/analysis/energy-unheld.md | 0 | 321 | 0 | 274 | Requested document-scope extension; exact generated contents or quantity bindings own eligible entries, and all other occurrences are explicit defects. |
historical snapshot	38					| research/analysis/helium.md | 0 | 91 | 0 | 29 | Requested document-scope extension; exact generated contents or quantity bindings own eligible entries, and all other occurrences are explicit defects. |
historical snapshot	39					| research/analysis/mass-budget.md | 0 | 282 | 0 | 178 | Requested document-scope extension; exact generated contents or quantity bindings own eligible entries, and all other occurrences are explicit defects. |
historical snapshot	40					| research/analysis/payload-exchange.md | 0 | 854 | 0 | 590 | Requested document-scope extension; exact generated contents or quantity bindings own eligible entries, and all other occurrences are explicit defects. |
historical snapshot	41					| research/analysis/reproductions.md | 0 | 9 | 0 | 4 | Requested document-scope extension; exact generated contents or quantity bindings own eligible entries, and all other occurrences are explicit defects. |
historical snapshot	42					| research/analysis/vacuum-cell.md | 0 | 820 | 0 | 529 | Requested document-scope extension; exact generated contents or quantity bindings own eligible entries, and all other occurrences are explicit defects. |
historical snapshot	43					| research/analysis/water-availability.md | 0 | 139 | 0 | 109 | Requested document-scope extension; exact generated contents or quantity bindings own eligible entries, and all other occurrences are explicit defects. |
historical snapshot	44					| research/reports/01-brief.md | 103 | 161 | 72 | 84 | 27 retired identities; 85 new identities. Rules revalidate all current placements. Upstream energy wording and generated blocks changed; checked energy and ledger ownership now replaces applicable defects. |
historical snapshot	45					| research/reports/02-paper.md | 566 | 717 | 330 | 383 | 88 retired identities; 239 new identities. Rules revalidate all current placements. Upstream energy wording and generated blocks changed; checked energy and ledger ownership now replaces applicable defects. |
historical snapshot	46					| research/reports/03-diligence.md | 527 | 686 | 384 | 434 | 92 retired identities; 251 new identities. Rules revalidate all current placements. Upstream energy wording and generated blocks changed; checked energy and ledger ownership now replaces applicable defects. |
historical snapshot	47					| research/reports/README.md | 27 | 27 | 22 | 22 | 0 retired identities; 0 new identities. Rules revalidate all current placements. Upstream energy wording and generated blocks changed; checked energy and ledger ownership now replaces applicable defects. |
historical snapshot	48					| ship/index.html | 287 | 732 | 243 | 183 | 28 retired identities; 473 new identities. Rules revalidate all current placements. 427 previously absent script-filled spans are now inventoried. |
historical snapshot	49					| sim/README.md | 0 | 59 | 0 | 0 | Requested document-scope extension; exact generated contents or quantity bindings own eligible entries, and all other occurrences are explicit defects. |
historical snapshot	50					| tests/README.md | 0 | 38 | 0 | 37 | Requested document-scope extension; exact generated contents or quantity bindings own eligible entries, and all other occurrences are explicit defects. |
historical snapshot	51					| tools/README.md | 0 | 68 | 0 | 60 | Requested document-scope extension; exact generated contents or quantity bindings own eligible entries, and all other occurrences are explicit defects. |
historical snapshot	53					Total: 2484 → 26647 occurrences; 1686 → 4780 explicit defects. The new document scope contributes 13509 occurrences.
historical snapshot	55					## Headlines
historical snapshot	57					| Headline | Original | Current static carry | Owners | Holes | Function words | Final including documents |
historical snapshot	58					| --- | ---: | ---: | ---: | ---: | ---: | ---: |
historical snapshot	59					| Handwritten energy figures and hull dimensions lag the model. | 10 | 0 | 0 | 0 | 0 | 0 |
historical snapshot	60					| Released water is described as delivered water. | 19 | 16 | 16 | 18 | 18 | 18 |
historical snapshot	61					| Float figures await a ledger that records their physical basis. | 468 | 2907 | 429 | 410 | 404 | 2240 |
historical snapshot	62					| Static defaults and diagrams still need a generating check. | 51 | 66 | 65 | 65 | 65 | 65 |
historical snapshot	63					| Source and historical figures still need occurrence-level review. | 603 | 765 | 672 | 644 | 630 | 2024 |
historical snapshot	64					| Other public numbers still need an accountable owner or an explicit label. | 535 | 7499 | 356 | 356 | 340 | 431 |
historical snapshot	65					| Section references need an existing target. | 0 | 0 | 0 | 2 | 2 | 2 |
historical snapshot	67					The stale headline fell because earlier page work replaced stale source text. New energy regions, generated README regions, float pages and notices explain the large carry growth and generator closures. Ledger dispositions explain float ownership; deferred and unrecorded blocks stay defective. Symbol references and function words explain nonclaim closures. New analyses explain the final increase; deferred energy blocks remain defects even when their generator reproduces them. This is newly visible debt.
historical snapshot	69					## Rule movements
historical snapshot	71					| Rule | New or rebound occurrences | Defects gaining a passing owner | Exact list |
historical snapshot	72					| --- | ---: | ---: | --- |
historical snapshot	73					| B1-float | 519 | 322 | `rule-changes.json` → `B1-float` |
historical snapshot	74					| B2-energy | 249 | 249 | `rule-changes.json` → `B2-energy` |
historical snapshot	75					| B3-generators | 9166 | 9166 | `rule-changes.json` → `B3-generators` |
historical snapshot	76					| B4-labels | 0 | 0 | `rule-changes.json` → `B4-labels` |
historical snapshot	77					| C1-water | 18 | 0 | `rule-changes.json` → `C1-water` |
historical snapshot	78					| C2-model-spans | 509 | 0 | `rule-changes.json` → `C2-model-spans` |
historical snapshot	79					| C3-section-symbols | 60 | 48 | `rule-changes.json` → `C3-section-symbols` |
historical snapshot	80					| D2-function-words | 46 | 36 | `rule-changes.json` → `D2-function-words` |
historical snapshot	81					| E-documents | 13509 | 0 | `rule-changes.json` → `E-documents` |
historical snapshot	83					Water counts include every changed verdict, including already defective ledger occurrences. Model-span counts are symbolic bindings, not browser observations. A leading label closed no current defect on this tree; its positive and negative fixtures still run. The function-word list contains all current qualifying occurrences, including those already owned by a generator; the movements above distinguish newly closed defects.
historical snapshot	85					## The original float backlog
historical snapshot	87					Of the original 468 float defects:
historical snapshot	88					- 61: passing: ledger.
historical snapshot	89					- 28: passing: nonclaim.
historical snapshot	90					- 160: remaining: delegation-miss.
historical snapshot	91					- 65: remaining: float-deferred.
historical snapshot	92					- 154: retired source identity (text changed before this lane).
historical snapshot	94					Every remaining original float ID and its current record/deferral reason is in `rule-changes.json`. Source retirements cannot be credited to ledger verification. Unrecorded blocks need a new ledger entry; deferred blocks need the physical source or change named by their own reason. Section-symbol failures need a resolvable target.
historical snapshot	96					## Broken references
historical snapshot	98					- float/index.html: --demand-n 3372 -> 6717 (octet axial at span 1.0; 6451 at 0.98) --res 112 -> ~160 (holds the 0.883 mm voxel at the bigger window; §6) — existing section(s): 6.
historical snapshot	99					- float/index.html: make nodes (≈9 min at res 179, MEASURED — see §6) — existing section(s): 6.
historical snapshot	101					## Bounds and decisions
historical snapshot	103					Generated float pages and notices are included because their own read-only generators/checkers reproduce their complete text. A generator owns reproduction, not independent source entailment. Analysis rows with value-only searches remain defects; only quantity-specific contexts can bind an occurrence. The narrow function rules leave many plausible grammatical words for a writer rather than guessing their roles. No citation review was invented.
historical snapshot	105					`page-defects.md` is the generated writer list. `nonclaim-reclassifications.md` lists every function-word or range-endpoint occurrence. `carry-history.json` retains exact old/new owners and placement changes. `holes-before.json` records the three holes before repair. Historical drift/pending files are retained as dated evidence.
current file	DATA-SOURCES.md	0	5524	0	0	Original supplied inventory versus current same-rule carry; exact changes are in carry-history.json.
current file	GOALS.md	80	78	35	14	Original supplied inventory versus current same-rule carry; exact changes are in carry-history.json.
current file	README.md	252	128	195	11	Original supplied inventory versus current same-rule carry; exact changes are in carry-history.json.
current file	cell/band.html	26	25	19	18	Original supplied inventory versus current same-rule carry; exact changes are in carry-history.json.
current file	cell/explorer.html	3	3	1	1	Original supplied inventory versus current same-rule carry; exact changes are in carry-history.json.
current file	cell/index.html	63	62	50	42	Original supplied inventory versus current same-rule carry; exact changes are in carry-history.json.
current file	cell/levels.html	71	118	46	36	Original supplied inventory versus current same-rule carry; exact changes are in carry-history.json.
current file	cell/ship.html	65	103	55	37	Original supplied inventory versus current same-rule carry; exact changes are in carry-history.json.
current file	concept/energy-analysis.html	0	4	0	0	Original supplied inventory versus current same-rule carry; exact changes are in carry-history.json.
current file	concept/index.html	193	288	142	114	Original supplied inventory versus current same-rule carry; exact changes are in carry-history.json.
current file	docs/ARCHITECTURE.md	0	142	0	117	Original supplied inventory versus current same-rule carry; exact changes are in carry-history.json.
current file	docs/PHYSICS.md	0	866	0	131	Original supplied inventory versus current same-rule carry; exact changes are in carry-history.json.
current file	engineering/index.html	67	130	48	37	Original supplied inventory versus current same-rule carry; exact changes are in carry-history.json.
current file	float/census.html	0	671	0	0	Original supplied inventory versus current same-rule carry; exact changes are in carry-history.json.
current file	float/index.html	0	947	0	2	Original supplied inventory versus current same-rule carry; exact changes are in carry-history.json.
current file	float/ledger.html	0	3262	0	0	Original supplied inventory versus current same-rule carry; exact changes are in carry-history.json.
current file	index.html	127	265	20	16	Original supplied inventory versus current same-rule carry; exact changes are in carry-history.json.
current file	model-lab/index.html	27	26	24	22	Original supplied inventory versus current same-rule carry; exact changes are in carry-history.json.
current file	notices.html	0	4703	0	0	Original supplied inventory versus current same-rule carry; exact changes are in carry-history.json.
current file	research/analysis/air-ballast.md	0	104	0	70	Original supplied inventory versus current same-rule carry; exact changes are in carry-history.json.
current file	research/analysis/cap-readings.md	0	265	0	182	Original supplied inventory versus current same-rule carry; exact changes are in carry-history.json.
current file	research/analysis/delivery.md	0	211	0	198	Original supplied inventory versus current same-rule carry; exact changes are in carry-history.json.
current file	research/analysis/descent.md	0	64	0	0	Original supplied inventory versus current same-rule carry; exact changes are in carry-history.json.
current file	research/analysis/energy-feasible.md	0	1431	0	0	Original supplied inventory versus current same-rule carry; exact changes are in carry-history.json.
current file	research/analysis/energy-motion.md	0	758	0	602	Original supplied inventory versus current same-rule carry; exact changes are in carry-history.json.
current file	research/analysis/energy-omissions.md	0	58	0	36	Original supplied inventory versus current same-rule carry; exact changes are in carry-history.json.
current file	research/analysis/energy-profiles.md	0	1031	0	0	Original supplied inventory versus current same-rule carry; exact changes are in carry-history.json.
current file	research/analysis/energy-requirements.md	0	381	0	183	Original supplied inventory versus current same-rule carry; exact changes are in carry-history.json.
current file	research/analysis/energy-unheld.md	0	321	0	274	Original supplied inventory versus current same-rule carry; exact changes are in carry-history.json.
current file	research/analysis/helium.md	0	91	0	29	Original supplied inventory versus current same-rule carry; exact changes are in carry-history.json.
current file	research/analysis/mass-budget.md	0	282	0	178	Original supplied inventory versus current same-rule carry; exact changes are in carry-history.json.
current file	research/analysis/payload-exchange.md	0	854	0	590	Original supplied inventory versus current same-rule carry; exact changes are in carry-history.json.
current file	research/analysis/reproductions.md	0	9	0	4	Original supplied inventory versus current same-rule carry; exact changes are in carry-history.json.
current file	research/analysis/vacuum-cell.md	0	820	0	529	Original supplied inventory versus current same-rule carry; exact changes are in carry-history.json.
current file	research/analysis/water-availability.md	0	139	0	101	Original supplied inventory versus current same-rule carry; exact changes are in carry-history.json.
current file	research/reports/01-brief.md	103	161	72	84	Original supplied inventory versus current same-rule carry; exact changes are in carry-history.json.
current file	research/reports/02-paper.md	566	717	330	383	Original supplied inventory versus current same-rule carry; exact changes are in carry-history.json.
current file	research/reports/03-diligence.md	527	686	384	434	Original supplied inventory versus current same-rule carry; exact changes are in carry-history.json.
current file	research/reports/README.md	27	27	22	22	Original supplied inventory versus current same-rule carry; exact changes are in carry-history.json.
current file	ship/index.html	287	732	243	183	Original supplied inventory versus current same-rule carry; exact changes are in carry-history.json.
current file	sim/README.md	0	62	0	0	Original supplied inventory versus current same-rule carry; exact changes are in carry-history.json.
current file	tests/README.md	0	36	0	35	Original supplied inventory versus current same-rule carry; exact changes are in carry-history.json.
current file	tools/README.md	0	68	0	60	Original supplied inventory versus current same-rule carry; exact changes are in carry-history.json.
current headline	float			468	2250	Float figures await a ledger that records their physical basis.
current headline	generated			51	65	Static defaults and diagrams still need a generating check.
current headline	reference			0	2	Section references need an existing target.
current headline	review			603	2016	Source and historical figures still need occurrence-level review.
current headline	stale			10	0	Handwritten energy figures and hull dimensions lag the model.
current headline	unowned			535	424	Other public numbers still need an accountable owner or an explicit label.
current headline	water			19	18	Released water is described as delivered water.
