File	Word	Rule	Sentence	Occurrence ID
README.md	one	named-word	This example uses balanced mode and a one-way distance in kilometres.	README.md::86e4cb63d86082c626d925d2f0e9ed8c6c72721574ce53f09143a6d9c5d7236b::1
README.md	first	named-word	The repository's browser-feed code is held to first-party requests by make firstparty.	README.md::e795af74ef6bb37a8cb631f6197cc96a5a1dbe3c4e1e1d8e98aa9beec81b0fe8::1
cell/index.html	one	pronominal-one	The optimum tube is the one where the strut's Euler buckling and the tube wall's local buckling arrive at the same load. Anything else is wasting material on the mode that is not governing.	cell/index.html::9ab51aa9bd7d78e966632d16dee6c5284f5c91495c272ced2e8d7a36c7e822a4::1
cell/index.html	one	pronominal-one	Cold air is the only free lunch, and it is a small one.	cell/index.html::bcd16c3dbd57bef94a9ec8ffe5a9a0037b6b0651903f69f065f2c937323f8640::1
cell/index.html	one	pronominal-one	The sealed-cell architecture is what turns an impossibility proof into an engineering problem, and hollow struts are what turn the engineering problem into a buildable one.	cell/index.html::9eb54934e744799088feb0de63fde8790e8a8678b0f48e865380e1666dff2033::1
cell/levels.html	one	pronominal-one	These are the parts — each one browsable below, each carrying its own honesty chip.	cell/levels.html::c4f86ee8a463bb791c453da7a245ce2693a722431e7d55fab5e4d3ecfc2fe12c::1
cell/levels.html	one	named-word	one membrane · ≈ panels on rings gated film g/m² — priced one-way until the drape licenses two-way breach = one compartment — membranes across the void, study open (SHIP-5)	cell/levels.html::b13d90f9c7c4aac219767ce877664f7c6cdb9efc2b0e471abd270b230a9639f5::3
cell/levels.html	second	document-or-process-order	The sandwich's metres of depth are empty truss on purpose — that gap is where the shell earns its bending stiffness, the way an I-beam earns its from the space between flanges — and the second review round added the member that makes the gap real: crossed diagonals in every ring plane, because the meridional fan cannot carry ring-plane shear, and without ring-plane shear two walls are just two walls.	cell/levels.html::7c4ba7a2568aaee7c8a616385b0fa6f6de933708325da8788cab45404fc425a6::1
cell/ship.html	one	pronominal-one	Of that, t is the K 0.2 insurance layer priced on top of the γ 0.3 sizing — the deficit is real on either reading, and the split is shown so no one has to take an average on faith.	cell/ship.html::310d38ff581f6320a136d5a79211a13da29cab6fb02560fbe3d0d461f4bd396e::3
cell/ship.html	first	document-or-process-order	This page's first draft said the ship floats (+6.4 t at the declared factor).	cell/ship.html::41390680c5a586d675860d85a8308a106b5c9f08317d4a872730f24a5bcd3fd3::1
cell/ship.html	single	idiomatic-single	SHIP-2's test campaign, the single biggest lever on the ship, worth roughly two hundred tonnes of verdict.	cell/ship.html::e512f14f078d66beaef77136b6c4f80c7fab57399d6513b9bb37a3fa84d9ad8b::2
cell/ship.html	one	named-word	The model prices the film one-way until it does.	cell/ship.html::004ed92e9ce4deba13087c027e9d66fd3a467793fcd205906fb4c1f9d604c0d0::1
concept/index.html	one	pronominal-one	Liquid air is the tempting one.	concept/index.html::d2fbf1383d379102e0067202abdbf326f0bbbfbdbcfce87f828b2540d848443a::1
concept/index.html	single	idiomatic-single	Three operating doctrines: the cycle has no single right answer.	concept/index.html::e9aedabb43e30de95717981f06d701d0e3af7563f449170236c7ada13f990790::2
concept/index.html	one	pronominal-one	The routing question underneath all three is the project's central one: which three-dimensional atmospheric trajectory costs the least energy while keeping this aircraft within its structural envelope?	concept/index.html::dc73ad019726fcaa5304b192a753dbb7f4eb6f69c0362fa46928265bc69e8d48::2
concept/index.html	one	named-word	At 60 km one-way in still air, the prescribed balanced P-100 profile closes on both bases. record: 100 t delivered in 104.8 minutes for 20.5 MWh of energy supplied; the sampled rotor peak is 30.9 MW, with 31.2 MW gross demand against 36.1 MW bus supply at that instant. quasi-static closure; dynamic profile unresolved. quasi-static closure; exceeds nominal storage in one ideal cycle. favourable: 100 t delivered in 104.8 minutes for 14.8 MWh of energy supplied; the sampled rotor peak is 30.9 MW, with 31.2 MW gross demand against 36.1 MW bus supply at that instant. quasi-static closure; dynamic profile unresolved.	concept/index.html::2d662b84ef0343c5a1e55668030745341db457657c54d2b92a4de38de62810d7::2
concept/index.html	First	discourse-ordinal	First, the simulation searches a slower letdown at its own airspeed and a climb the buoyant surplus can drive; then keep water aboard.	concept/index.html::e33a35097e7bb569e21a9bf0bfb2dea7275c571bcd0a92dcbeff79b893aa5b4b::1
engineering/index.html	one	named-word	The wall is priced one-way today.	engineering/index.html::2b3e5abb189a68edf2160d5fdf37363758a632f9119cb1c9b1a165d867a7b234::1
index.html	one	named-word	At 60 km one-way in still air, the prescribed balanced P-100 profile closes on both bases. record: 100 t delivered in 104.8 minutes for 20.5 MWh of energy supplied; the sampled rotor peak is 30.9 MW, with 31.2 MW gross demand against 36.1 MW bus supply at that instant. quasi-static closure; dynamic profile unresolved. quasi-static closure; exceeds nominal storage in one ideal cycle. favourable: 100 t delivered in 104.8 minutes for 14.8 MWh of energy supplied; the sampled rotor peak is 30.9 MW, with 31.2 MW gross demand against 36.1 MW bus supply at that instant. quasi-static closure; dynamic profile unresolved.	index.html::2d662b84ef0343c5a1e55668030745341db457657c54d2b92a4de38de62810d7::2
index.html	First	discourse-ordinal	First, the simulation searches a slower letdown at its own airspeed and a climb the buoyant surplus can drive; then keep water aboard.	index.html::e33a35097e7bb569e21a9bf0bfb2dea7275c571bcd0a92dcbeff79b893aa5b4b::1
notices.html	one	pronominal-one	Stored because it is the only source found that puts a defensible number on [link]2 and, in the same table, kills [link]2: the exergy of the product is 173.4 kWh per tonne, so a store cannot return half of the 450 kWh per tonne the model spends filling it. Both [link] and the PubMed Central mirror return HTML to curl; the [link] attachment path is the one that serves the file, and it is the publisher's own CDN rather than a third-party copy. The scope limit matters when citing it: the feed is gaseous nitrogen at 4 bar, so the work of separating nitrogen from air is not included. Retrieved unmodified with curl -sL; 1079063 bytes, sha256 d3932e65fe29c0ec1c99f1f2bdb0abb63127889cc8a181e45fe04a9bc5ef8426. generator is null because no script in pipeline/ produces this [link] measurement or processing comparison; not a mission result.	notices.html::5d9c93d2aef0c862dbc0179a65c02903c09ae40f671d6ec57a0076578d5b9bcf::6
notices.html	single	idiomatic-single	Stored because it isolates the single biggest variable in the liquefaction literature: cold recycle reduces specific power by 50-70%, which is why quoted figures range from 263 to 880 kWh per tonne for the same processes. An airborne plant making nitrogen from ambient air has no discharge cycle returning cold to it, so the upper half of that range is the relevant one and our 450 kWh per tonne sits below it. As with the other MDPI item here, [link] returns HTML to curl and the [link] attachment path is the one that serves the file. Retrieved unmodified with curl -sL; 1661324 bytes, sha256 3a0b4a3453c85f72fd375ee76646c77489bd3615b03ac2ee2a620f9a17b72362. generator is null because no script in pipeline/ produces this [link] measurement or processing comparison; not a mission result.	notices.html::f56f3e363d8cf982c0d09c1dc9451f784362e073e701d9556eec2e91c72b200d::1
notices.html	one	pronominal-one	Stored because it isolates the single biggest variable in the liquefaction literature: cold recycle reduces specific power by 50-70%, which is why quoted figures range from 263 to 880 kWh per tonne for the same processes. An airborne plant making nitrogen from ambient air has no discharge cycle returning cold to it, so the upper half of that range is the relevant one and our 450 kWh per tonne sits below it. As with the other MDPI item here, [link] returns HTML to curl and the [link] attachment path is the one that serves the file. Retrieved unmodified with curl -sL; 1661324 bytes, sha256 3a0b4a3453c85f72fd375ee76646c77489bd3615b03ac2ee2a620f9a17b72362. generator is null because no script in pipeline/ produces this [link] measurement or processing comparison; not a mission result.	notices.html::f56f3e363d8cf982c0d09c1dc9451f784362e073e701d9556eec2e91c72b200d::9
research/reports/02-paper.md	one	named-word	Superseded values, historical comparisons and one-off derivations are	research/reports/02-paper.md::f0df2628717dd48cb0a99d8124fc3bbbe96566c81d23f24959beaecc76b877a6::1
research/reports/02-paper.md	one	pronominal-one	Seven were found by inspection, two by auditing all 89 published claims against the code, four by reading the sources, one by an outside reader asking a question none of them had, and three by an adversarial review of the model on 2026-08-10 — including one that says the two power models in §8.5 disagree by 5.05× rather than the 2.83× recorded there.	research/reports/02-paper.md::dd17da667f58b37e085f12e9c52d0fcf6a2bc3e929cbf2529f1d2858ad637ca3::10
research/reports/02-paper.md	single	idiomatic-single	Choosing the smaller reference ship does not soften this one, which is what makes it the concept's single point of failure rather than a scaling limit.	research/reports/02-paper.md::064f6114b046086e2f61282aa6d82cc6aac7bb287107d79742a5defeca5e05dd::2
research/reports/02-paper.md	7	section-range-endpoint	Everything in §§5–7 is conditional on it.	research/reports/02-paper.md::30b79aad0e13cb0e7eef16c4fc59eb3a07428d2c2e775e9c5d87a2c1f45b2b19::2
research/reports/02-paper.md	first	document-or-process-order	The audit found that the constants nobody had questioned move the headline more than the defects everyone had: the two undocumented drag multipliers on the return and manoeuvring phases are worth 16.9 MWh a cycle, while defect 3 — flagged in the README since the first commit — is worth 1.4.	research/reports/02-paper.md::92d1c421be44dbcbdfe09fd4faa1ced0124169e2eff595eed6b811e59882b25e::4
research/reports/02-paper.md	single	idiomatic-single	This is the concept's single point of failure and no amount of care in the rest of the model substitutes for it.	research/reports/02-paper.md::5ad038e2990a8048f3b50040e5590821661b860361feefb72fd828a7ec75202e::1
research/reports/02-paper.md	first	discourse-ordinal	That is why it is first on the list and why §8.1 is written the way it is.	research/reports/02-paper.md::7c8dde9190936d9b38090a5f4ce3b069230a0733c06bbcde92440af430c89b7d::1
research/reports/03-diligence.md	3	section-range-endpoint	The report is organised as an argument rather than as a defence: what the idea is worth if it works (§§1–3), then what would have to be true for it to work (§4), then the economics, the regulatory path, and the quality of the evidence behind all of it. §4.1 is the entry that could end the conversation, and if you read one section, read that one.	research/reports/03-diligence.md::5ee1e42afa20078c5d04d1f12cd9f2c202079842f1c1287545cc916df1dcd67b::2
research/reports/03-diligence.md	3	section-range-endpoint	It is placed fourth rather than first because an obstacle is only worth arguing about if what it blocks is worth having, and §§1–3 are what it blocks.	research/reports/03-diligence.md::bc9462f2a09d9234f12646612967f31887be1f94b49ad0bb053288e4f42695ad::4
research/reports/03-diligence.md	one	pronominal-one	A vehicle that dips from a lake like a helicopter but carries like a tanker would change the sustained rate — the one that decides whether a line holds — by orders of magnitude.	research/reports/03-diligence.md::39eded6f473e8a52ad3ce15c7d71cf8677545849e26fbc11d910d6b2868e5083::1
research/reports/03-diligence.md	3	section-range-endpoint	Everything in §§2–3 is arithmetic on assumptions.	research/reports/03-diligence.md::35285a19fa13bfa74064401a98f05c30161d491d2772e4e2b28fe2f1b8d10e08::2
research/reports/03-diligence.md	one	pronominal-one	The two that remain open are §4.1 and §4.4. §4.1 is the one that could end this, and §4.4 changes what the product is rather than whether it can exist.	research/reports/03-diligence.md::81eab8857401d84213715c4265f20145e05e975997e0b7a1cba935b28f1da436::5
research/reports/03-diligence.md	one	pronominal-one	This one is identical, and it is the one that decides whether any of them get built.	research/reports/03-diligence.md::14bf79931233a1b7eaaf2f7c0cbab4d9847d4ddd9e8331497f269797017c7e92::2
research/reports/03-diligence.md	single	idiomatic-single	This is the project's single point of failure.	research/reports/03-diligence.md::efc1e0e21fd87eca4904a7830dcc494a90ace45c358dc8cadc4561d5d5f9a469::1
research/reports/03-diligence.md	first	discourse-ordinal	The test now checks the physical ceiling as well as the value, because the first is a choice and the second is not.	research/reports/03-diligence.md::85288f4b462a61d7fed9b24bd0f412139123bb3bce942cc3a02a31c9daaedaed::1
research/reports/03-diligence.md	second	discourse-ordinal	The test now checks the physical ceiling as well as the value, because the first is a choice and the second is not.	research/reports/03-diligence.md::85288f4b462a61d7fed9b24bd0f412139123bb3bce942cc3a02a31c9daaedaed::2
research/reports/03-diligence.md	one	pronominal-one	A programme that starts at the reference scale can be connected to the existing grid today; one that starts at the top cannot, and would carry an interconnection queue measured in years.	research/reports/03-diligence.md::5d5ef9c8905409d3733e931a7d2407bb27d7b9df47b31941bdd1ab62f932eeae::1
research/reports/03-diligence.md	first	document-or-process-order	Two undocumented inline drag multipliers are worth 16.9 MWh a cycle, while the defect flagged in the README since the first commit is worth 1.4.	research/reports/03-diligence.md::8552850aef0be28efcc1f8b4cdffe85b652bbcf6af346a6084aa9f518a8bdcc0::3
ship/index.html	one	named-word	the film, priced one-way until the drape licenses the two-way credit	ship/index.html::8fac288fe60511828b7cd057b8ded9b8d2212ec72f90969496ba330c55948830::1
ship/index.html	one	named-word	Doubly-curved film carries pressure both ways at half the tension of a trough, but the drawn drape has one bar diameter of step to form that second curvature in, and until a drape analysis licenses it the model prices the film one-way.	ship/index.html::45a9a823d0693f8746452b8a723d9166c76754a912e8efdabc37f0e7e71892df::4
ship/index.html	one	pronominal-one	A joint that exists only because of parity — at odd N the hexagon plane holds no lattice site at all — and the only one that collects a whole face's film load, N, and pushes it into the octet through three props at N each.	ship/index.html::733fa896213f41b102ad1d63e7560f8c3e49782ff8a2378bb37b652b1704790c::1
ship/index.html	first	document-or-process-order	The lands are designed; the bond that goes on them is the coupon campaign's first question — adhesive, bond-line width, shear allowable, peel case.	ship/index.html::e6c40b91939f36d30c307d63aaec81a992ea51ae5f0acb5888c7af8721ac70e2::1
ship/index.html	first	document-or-process-order	That is the seal-and-barrier coupon campaign's first job.	ship/index.html::d0d5389b255b5efc88422be4cd0cb803385b2024eded000f9f4116b92df68c5b::1
docs/PHYSICS.md	second	discourse-ordinal	The requirement is a safety property and the areal density is the hardest unsolved problem in the project; buying the first with the second is a deliberate trade and it is stated rather than netted off.	docs/PHYSICS.md::e07fe28a897e4d362431f44919d5a3102d75685e501281669ff2faa11e141fb0::2
docs/ARCHITECTURE.md	one	pronominal-one	The re-export form is the one that matters most: the index files are where a directory's public surface is assembled, so they are where a single added line would widen it.	docs/ARCHITECTURE.md::d22f7c5510142ea28348b2e1edb81e33b3ac165344a40a3e1ee8915778baf342::1
docs/ARCHITECTURE.md	one	pronominal-one	Twenty-nine constructed trees, each with the exact set of violations it must produce — exact, so a rule that starts over-reporting fails as loudly as one that stops reporting. python3 tools/check_[link] --selftest runs them alone; an ordinary run does them first, so make lint cannot pass with a broken checker.	docs/ARCHITECTURE.md::a41f2bc2981fb490e3138a6e09956f9be4e0f849782e2c906b62756557575206::2
docs/ARCHITECTURE.md	first	named-word	data/ holds generated artefacts, committed: [link], [link] (lake and reservoir outlines from the BC Freshwater Atlas), [link], [link], and the dated [link] / [link] that replay mode and the golden tests use. data/live/ is the first-party mirror and is gitignored.	docs/ARCHITECTURE.md::3add2e75dc48ecb8edb3dccf9d0572d10682d7068efeef9244517e093a80abfa::1
docs/ARCHITECTURE.md	First	named-word	First-party boundary	docs/ARCHITECTURE.md::f771756a28f7ae2f75517cf412363998efaab9738631b7693d3374c83ab01f79::1
docs/ARCHITECTURE.md	first	named-word	The monitor's first-party note therefore scans load-bearing elements and the browser's resource log for the page, and is handed each later log entry as the browser records it, so a log that fills up cannot hide a later request.	docs/ARCHITECTURE.md::567e4c1aa4d216e4cf463b4d426e335ea146d13e63e3e6393c6cdbe45d687997::1
docs/ARCHITECTURE.md	first	named-word	Feeds are read in two tiers, in order: the first-party mirror and then the committed snapshot.	docs/ARCHITECTURE.md::472c74d52155fcd45bba18e95bcb4f90902bb6cdb55170f3a433f9cb5972b4b1::2
research/analysis/delivery.md	First	discourse-ordinal	First, the mission this vehicle is actually for	research/analysis/delivery.md::2f4fb7eee7339f6f644881e364b3e3a84968eea5e58bacbaf14de8e164ec4441::1
research/analysis/vacuum-cell.md	one	pronominal-one	It converges fast, and the second level is the one that matters.	research/analysis/vacuum-cell.md::9dd22c9572bb440911694bd8cc4469f341f916c9fa0c9803bf57428f48f9ef4e::2
research/analysis/vacuum-cell.md	one	pronominal-one	For PAHT-CF in the interlayer direction (the one that governs a pressure vessel):	research/analysis/vacuum-cell.md::d9ad587a6f0f837dbcedbf280f56a587eaabb580e81419b3299a0bc15b73f807::1
research/analysis/vacuum-cell.md	first	document-or-process-order	The chain's 354 mm figure is the sub-cell pitch those struts make, enclosing 44 litres per pitch cube. (The first draft said 45 — hand arithmetic, caught the day the number was generated.	research/analysis/vacuum-cell.md::ccda907188d04c63f09dc50f87eb17817d7aa077c5e84e0441aafc599d9ad0c3::3
research/analysis/vacuum-cell.md	one	pronominal-one	The prover asks for the demands at the span the part was actually cut for, which is the conservative direction and the only one that describes the article on the bench.	research/analysis/vacuum-cell.md::273f05e4324b38704874b48f13c37bef36c6b3ba6438bc4a2c817b790759049c::1
sim/README.md	one	named-word	Pass a one-way distance in kilometres and an optional wind record.	sim/README.md::5b196702fa9257cff21f66062f29982defe3c6a14403a75f574607fba2c90ddb::1
DATA-SOURCES.md	one	pronominal-one	Both [link] and the PubMed Central mirror return HTML to curl; the [link] attachment path is the one that serves the file, and it is the publisher's own CDN rather than a third-party copy.	DATA-SOURCES.md::24f5abebfbf2164d0e5ca6b67eceaa7699d04a5f107c5160faf6cb4d84e8635d::1
DATA-SOURCES.md	single	idiomatic-single	Processing and caveats: Stored because it isolates the single biggest variable in the liquefaction literature: cold recycle reduces specific power by 50-70%, which is why quoted figures range from 263 to 880 kWh per tonne for the same processes.	DATA-SOURCES.md::4e332acca81424368c2b0013ec019c34ad587fa0eedeadded05bb37cb04a9f70::1
DATA-SOURCES.md	one	pronominal-one	As with the other MDPI item here, [link] returns HTML to curl and the [link] attachment path is the one that serves the file.	DATA-SOURCES.md::cbeb742a7b24a6fdb9957aaf8d97a308d3887c14d6a3030fcb34810643b8ed5b::1
